LGA_NAME16,LGA_CODE_2016,lga_lat,lga_lon,gpo_lat,gpo_lon,distance,persons
Albury (C),LGA10050,-36.0266039,146.9704242,-33.8688197,151.2092955,454.715743730641,51076
Armidale Regional (A),LGA10130,-30.33634897,151.82914994,-33.8688197,151.2092955,397.105472599727,29449
Ballina (A),LGA10250,-28.85288636,153.48614737,-33.8688197,151.2092955,598.124659511978,41790
Balranald (A),LGA10300,-33.95035167,143.61162542,-33.8688197,151.2092955,701.032523972606,2287
Bathurst Regional (A),LGA10470,-33.43013885,149.52563369,-33.8688197,151.2092955,163.298549079219,41300
Bega Valley (A),LGA10550,-36.82594299,149.71756954,-33.8688197,151.2092955,355.548843297005,33253
Bellingen (A),LGA10600,-30.40380234,152.72859066,-33.8688197,151.2092955,410.975309424154,12668
Berrigan (A),LGA10650,-35.7343272,145.71121606,-33.8688197,151.2092955,543.067888248142,8462
Blacktown (C),LGA10750,-33.74132841,150.8643511,-33.8688197,151.2092955,34.8820082327218,336962
Bland (A),LGA10800,-33.8943438,146.96126723,-33.8688197,151.2092955,392.130941580364,5955
Blayney (A),LGA10850,-33.59433038,149.1420588,-33.8688197,151.2092955,193.58548663932,7257
Blue Mountains (C),LGA10900,-33.69754437,150.41114122,-33.8688197,151.2092955,76.1835995329045,76904
Bogan (A),LGA10950,-31.53812906,146.86687276,-33.8688197,151.2092955,481.850599593771,2692
Botany Bay (C),LGA11100,-33.94231891,151.20159703,-33.8688197,151.2092955,8.20356227973636,46654
Bourke (A),LGA11150,-29.91056221,145.3568337,-33.8688197,151.2092955,706.17824263271,2634
Brewarrina (A),LGA11200,-29.79152528,146.96088058,-33.8688197,151.2092955,605.368569583302,1651
Broken Hill (C),LGA11250,-31.94403571,141.47926792,-33.8688197,151.2092955,932.809817832312,17708
Burwood (A),LGA11300,-33.88368622,151.10315201,-33.8688197,151.2092955,9.93750240027482,36809
Byron (A),LGA11350,-28.6041666,153.48250525,-33.8688197,151.2092955,623.968088248625,31556
Cabonne (A),LGA11400,-33.15299771,148.754101,-33.8688197,151.2092955,241.133387069095,13386
Camden (A),LGA11450,-34.00878227,150.72402303,-33.8688197,151.2092955,47.3949725434183,78218
Campbelltown (C) (NSW),LGA11500,-34.08334472,150.8457729,-33.8688197,151.2092955,41.1418225229666,157006
Canada Bay (A),LGA11520,-33.85349832,151.11482522,-33.8688197,151.2092955,8.88774197017098,88015
Canterbury-Bankstown (A),LGA11570,-33.92351241,151.03733106,-33.8688197,151.2092955,16.9970859254001,346302
Carrathool (A),LGA11600,-33.60889721,145.49645201,-33.8688197,151.2092955,528.972282521828,2719
Central Coast (C) (NSW),LGA11650,-33.30798976,151.28548762,-33.8688197,151.2092955,62.7595296749899,327736
Central Darling (A),LGA11700,-31.85069805,143.58969166,-33.8688197,151.2092955,746.014168485904,1833
Cessnock (C),LGA11720,-32.92506814,151.22489992,-33.8688197,151.2092955,104.950383055288,55560
Clarence Valley (A),LGA11730,-29.68173808,152.751152,-33.8688197,151.2092955,487.84140712151,50671
Cobar (A),LGA11750,-31.86809992,145.48292898,-33.8688197,151.2092955,579.121232573234,4647
Coffs Harbour (C),LGA11800,-30.18903863,153.03983457,-33.8688197,151.2092955,444.04674022412,72944
Coolamon (A),LGA12000,-34.63253155,147.10483289,-33.8688197,151.2092955,386.657277599354,4315
Coonamble (A),LGA12150,-30.87054861,148.29160706,-33.8688197,151.2092955,431.502704334989,3918
Cowra (A),LGA12350,-33.79638331,148.71795033,-33.8688197,151.2092955,230.250968179235,12460
Cumberland (A),LGA12380,-33.8425579,150.98762938,-33.8688197,151.2092955,20.6761403597316,216079
Dungog (A),LGA12700,-32.34956052,151.60828731,-33.8688197,151.2092955,172.972577075761,8975
Edward River (A),LGA12730,-35.17254445,144.94147192,-33.8688197,151.2092955,592.130309342602,8851
Eurobodalla (A),LGA12750,-35.94515651,149.94704939,-33.8688197,151.2092955,257.972177679671,37232
Fairfield (C),LGA12850,-33.86563441,150.89541674,-33.8688197,151.2092955,28.9821440478899,198817
Federation (A),LGA12870,-35.49707178,146.27136452,-33.8688197,151.2092955,486.381849224348,12277
Forbes (A),LGA12900,-33.42163169,147.86720198,-33.8688197,151.2092955,313.326524266475,9587
Georges River (A),LGA12930,-33.9710583,151.0863677,-33.8688197,151.2092955,16.0592185413434,146841
Gilgandra (A),LGA12950,-31.61902662,148.69073397,-33.8688197,151.2092955,343.581255485846,4236
Glen Innes Severn (A),LGA13010,-29.6449864,151.90304245,-33.8688197,151.2092955,474.222472048718,8836
Goulburn Mulwaree (A),LGA13310,-34.87603956,149.81349142,-33.8688197,151.2092955,170.156148274544,29609
Greater Hume Shire (A),LGA13340,-35.75027791,147.17183806,-33.8688197,151.2092955,423.782745901283,10351
Griffith (C),LGA13450,-34.30041047,146.00358789,-33.8688197,151.2092955,481.750227947322,25641
Gundagai (A),LGA13510,-34.85297513,148.09411958,-33.8688197,151.2092955,306.15269622234,11141
Gunnedah (A),LGA13550,-31.04654568,150.18888967,-33.8688197,151.2092955,328.095227932539,12215
Gwydir (A),LGA13660,-29.59348105,150.51680946,-33.8688197,151.2092955,479.881381277327,5258
Hawkesbury (C),LGA13800,-33.33477884,150.77324198,-33.8688197,151.2092955,71.8137333535166,64592
Hay (A),LGA13850,-34.3158621,144.68369998,-33.8688197,151.2092955,602.852956532348,2946
Hilltops (A),LGA13910,-34.35200991,148.50095747,-33.8688197,151.2092955,255.056682622402,18498
Hornsby (A),LGA14000,-33.58393044,151.0894142,-33.8688197,151.2092955,33.562259785093,142667
Hunters Hill (A),LGA14100,-33.83335184,151.14512897,-33.8688197,151.2092955,7.11799023900337,13999
Inner West (A),LGA14170,-33.89150439,151.15497403,-33.8688197,151.2092955,5.61333134573927,182043
Inverell (A),LGA14200,-29.35985904,151.06760986,-33.8688197,151.2092955,501.552833265818,16483
Junee (A),LGA14300,-34.81720674,147.66887666,-33.8688197,151.2092955,341.703457517383,6295
Kempsey (A),LGA14350,-30.9515466,152.64473312,-33.8688197,151.2092955,351.247922575508,28885
Kiama (A),LGA14400,-34.67887065,150.75622426,-33.8688197,151.2092955,99.2286542674971,21464
Ku-ring-gai (A),LGA14500,-33.7346102,151.15090827,-33.8688197,151.2092955,15.8686399451396,118053
Kyogle (A),LGA14550,-28.61779555,152.77558056,-33.8688197,151.2092955,602.547784832052,8940
Lachlan (A),LGA14600,-32.92003196,146.98987289,-33.8688197,151.2092955,405.640226748825,6194
Lake Macquarie (C),LGA14650,-33.0388571,151.53018206,-33.8688197,151.2092955,96.9701261308124,197371
Lane Cove (A),LGA14700,-33.81999351,151.16689532,-33.8688197,151.2092955,6.69402240224875,36051
Leeton (A),LGA14750,-34.53237002,146.30208236,-33.8688197,151.2092955,457.242014902157,11168
Lismore (C),LGA14850,-28.7561747,153.27065551,-33.8688197,151.2092955,601.236894433177,43135
Lithgow (C),LGA14870,-33.27767475,150.17895608,-33.8688197,151.2092955,115.898017480437,21090
Liverpool (C),LGA14900,-33.93597105,150.82520704,-33.8688197,151.2092955,36.2256111245955,204326
Liverpool Plains (A),LGA14920,-31.55061979,150.43841619,-33.8688197,151.2092955,267.669188315961,7687
Lockhart (A),LGA14950,-35.33127298,146.77543804,-33.8688197,151.2092955,437.138087709795,3119
Maitland (C),LGA15050,-32.71081374,151.54975567,-33.8688197,151.2092955,132.595658558514,77305
Mid-Coast (A),LGA15240,-32.0153345,152.09571882,-33.8688197,151.2092955,222.075212328465,90303
Mid-Western Regional (A),LGA15270,-32.59381057,149.74242053,-33.8688197,151.2092955,196.754845050064,24076
Moree Plains (A),LGA15300,-29.25287698,149.62894572,-33.8688197,151.2092955,534.639662089655,13159
Mosman (A),LGA15350,-33.8290817,151.24463512,-33.8688197,151.2092955,5.49321321524741,28475
Murray River (A),LGA15520,-35.32472141,144.21163622,-33.8688197,151.2092955,660.487643254885,11680
Murrumbidgee (A),LGA15560,-34.94960103,145.72922352,-33.8688197,151.2092955,516.820230531803,3836
Muswellbrook (A),LGA15650,-32.4399244,150.63029581,-33.8688197,151.2092955,167.778550592668,16086
Nambucca (A),LGA15700,-30.68755665,152.76893791,-33.8688197,151.2092955,382.907766995416,19212
Narrabri (A),LGA15750,-30.35649139,149.56488399,-33.8688197,151.2092955,420.120354761331,13084
Narrandera (A),LGA15800,-34.61125956,146.57968218,-33.8688197,151.2092955,433.460562614871,5853
Narromine (A),LGA15850,-32.22608912,148.06555499,-33.8688197,151.2092955,345.258863676423,6444
Newcastle (C),LGA15900,-32.88005756,151.69570718,-33.8688197,151.2092955,118.8610109129,155411
North Sydney (A),LGA15950,-33.8329519,151.2118728,-33.8688197,151.2092955,3.99541256179208,67658
Northern Beaches (A),LGA15990,-33.69023672,151.24967034,-33.8688197,151.2092955,20.20509349157,252878
Oberon (A),LGA16100,-33.88329141,149.81140078,-33.8688197,151.2092955,129.061370752578,5301
Orange (C),LGA16150,-33.32466152,149.12037372,-33.8688197,151.2092955,202.712311794529,40344
Parkes (A),LGA16200,-32.88101137,147.96142279,-33.8688197,151.2092955,320.949381140128,14608
Parramatta (C),LGA16260,-33.79934287,151.02930771,-33.8688197,151.2092955,18.3318258693387,226149
Penrith (C),LGA16350,-33.76537229,150.71807054,-33.8688197,151.2092955,46.81581937552,196066
Port Macquarie-Hastings (A),LGA16380,-31.40981098,152.53124473,-33.8688197,151.2092955,300.133135610311,78539
Port Stephens (A),LGA16400,-32.72179516,151.84472212,-33.8688197,151.2092955,140.552070057932,69556
Queanbeyan-Palerang Regional (A),LGA16490,-35.42275637,149.62717862,-33.8688197,151.2092955,225.386963713026,56027
Randwick (C),LGA16550,-33.94323893,151.24020953,-33.8688197,151.2092955,8.75303551049422,140660
Richmond Valley (A),LGA16610,-29.05962733,153.04628156,-33.8688197,151.2092955,562.390778154734,22807
Rockdale (C),LGA16650,-33.95486194,151.13987489,-33.8688197,151.2092955,11.5141275199451,109404
Ryde (C),LGA16700,-33.79913878,151.11056234,-33.8688197,151.2092955,11.9665490286203,116302
Shellharbour (C),LGA16900,-34.58269234,150.77386847,-33.8688197,151.2092955,88.9021786816336,68460
Shoalhaven (C),LGA16950,-35.09441823,150.37328615,-33.8688197,151.2092955,156.344345450396,99650
Singleton (A),LGA17000,-32.66037848,150.96453304,-33.8688197,151.2092955,136.285756804752,22987
Snowy Monaro Regional (A),LGA17040,-36.39645397,148.95891075,-33.8688197,151.2092955,347.642895588035,20218
Snowy Valleys (A),LGA17080,-35.73378456,148.24919061,-33.8688197,151.2092955,340.634992148386,14395
Strathfield (A),LGA17100,-33.88042574,151.07643714,-33.8688197,151.2092955,12.3332700521429,40312
Sutherland Shire (A),LGA17150,-34.07513753,151.05101272,-33.8688197,151.2092955,27.1911201662799,218464
Sydney (C),LGA17200,-33.88936327,151.20274013,-33.8688197,151.2092955,2.36314118992702,208374
Tamworth Regional (A),LGA17310,-30.89251696,150.90705809,-33.8688197,151.2092955,332.163910443788,59663
Temora (A),LGA17350,-34.38793959,147.48365634,-33.8688197,151.2092955,347.730004287065,6110
Tenterfield (A),LGA17400,-28.943838,152.08643221,-33.8688197,151.2092955,553.915468001969,6628
The Hills Shire (A),LGA17420,-33.58826054,150.96203409,-33.8688197,151.2092955,38.6794982612141,157243
Tweed (A),LGA17550,-28.3600007,153.35626834,-33.8688197,151.2092955,645.698460070861,91371
Upper Hunter Shire (A),LGA17620,-31.96925527,150.72652135,-33.8688197,151.2092955,215.974388064023,14112
Upper Lachlan Shire (A),LGA17640,-34.41772233,149.45566953,-33.8688197,151.2092955,172.537297918808,7695
Uralla (A),LGA17650,-30.50767559,151.31232917,-33.8688197,151.2092955,373.86784275391,6048
Wagga Wagga (C),LGA17750,-35.19661668,147.36635092,-33.8688197,151.2092955,381.695384264146,62385
Walcha (A),LGA17850,-31.16390199,151.78452868,-33.8688197,151.2092955,305.568918277093,3092
Walgett (A),LGA17900,-29.81665911,148.19445521,-33.8688197,151.2092955,532.958376283404,6107
Warren (A),LGA17950,-31.32565282,147.67984399,-33.8688197,151.2092955,435.01632326069,2732
Warrumbungle Shire (A),LGA18020,-31.46280681,149.40539253,-33.8688197,151.2092955,316.352714272762,9384
Waverley (A),LGA18050,-33.89005095,151.26684605,-33.8688197,151.2092955,5.81371486814152,66812
Weddin (A),LGA18100,-33.87191332,148.01124331,-33.8688197,151.2092955,295.249161442881,3664
Wentworth (A),LGA18200,-33.57021125,142.24288014,-33.8688197,151.2092955,829.687619923925,6794
Western Plains Regional (A),LGA18230,-32.42471665,148.85441084,-33.8688197,151.2092955,271.741955088788,50077
Willoughby (C),LGA18250,-33.8010984,151.19637054,-33.8688197,151.2092955,7.62430558828263,74302
Wingecarribee (A),LGA18350,-34.47693689,150.35625909,-33.8688197,151.2092955,103.589580206028,47882
Wollondilly (A),LGA18400,-34.10194097,150.44379513,-33.8688197,151.2092955,75.1890178569805,48519
Wollongong (C),LGA18450,-34.36879339,150.83711617,-33.8688197,151.2092955,65.3036286471037,203630
Woollahra (A),LGA18500,-33.87167499,151.25739234,-33.8688197,151.2092955,4.45189315247742,54240
Yass Valley (A),LGA18710,-34.9542016,148.88499358,-33.8688197,151.2092955,244.998090035389,16142
Unincorporated NSW,LGA19399,-30.65472049,142.2156911,-33.8688197,151.2092955,917.621730071619,1056
Alpine (S),LGA20110,-36.85356886,146.9741716,-37.8136276,144.9630576,207.386324678961,12337
Ararat (RC),LGA20260,-37.47270906,142.84319093,-37.8136276,144.9630576,190.454907561222,11600
Ballarat (C),LGA20570,-37.49285356,143.78147065,-37.8136276,144.9630576,109.965953217112,101686
Banyule (C),LGA20660,-37.73044097,145.08514087,-37.8136276,144.9630576,14.1669906227026,121865
Bass Coast (S),LGA20740,-38.50728862,145.55805566,-37.8136276,144.9630576,93.0342663997512,32804
Baw Baw (S),LGA20830,-37.98399912,146.13150271,-37.8136276,144.9630576,104.258372209619,48479
Bayside (C),LGA20910,-37.94183906,145.01815395,-37.8136276,144.9630576,15.054270488673,97087
Benalla (RC),LGA21010,-36.58700297,146.02376159,-37.8136276,144.9630576,165.615000076108,13861
Boroondara (C),LGA21110,-37.81928627,145.06308913,-37.8136276,144.9630576,8.80943384432937,167231
Brimbank (C),LGA21180,-37.74755294,144.8033107,-37.8136276,144.9630576,15.8455416035529,194319
Buloke (S),LGA21270,-35.91238555,143.0049303,-37.8136276,144.9630576,273.918967947162,6201
Campaspe (S),LGA21370,-36.3451923,144.716414,-37.8136276,144.9630576,164.741798317292,37061
Cardinia (S),LGA21450,-38.08301379,145.57268532,-37.8136276,144.9630576,61.2753364653205,94128
Casey (C),LGA21610,-38.10435016,145.30901095,-37.8136276,144.9630576,44.3277559464879,299301
Central Goldfields (S),LGA21670,-37.00716246,143.71384065,-37.8136276,144.9630576,142.177567707667,12995
Colac-Otway (S),LGA21750,-38.45196091,143.59518177,-37.8136276,144.9630576,139.10811530373,20972
Corangamite (S),LGA21830,-38.20432331,143.1986512,-37.8136276,144.9630576,160.568820769907,16051
Darebin (C),LGA21890,-37.73345861,145.01433314,-37.8136276,144.9630576,9.98884382038569,146719
East Gippsland (S),LGA22110,-37.37801723,148.2916666,-37.8136276,144.9630576,297.218406845882,45040
Frankston (C),LGA22170,-38.13460819,145.17379881,-37.8136276,144.9630576,40.1882857516756,134143
Gannawarra (S),LGA22250,-35.75158154,143.80423228,-37.8136276,144.9630576,251.437730694361,10549
Glen Eira (C),LGA22310,-37.90120582,145.04260255,-37.8136276,144.9630576,11.9834286537348,140875
Glenelg (S),LGA22410,-37.87049853,141.38572819,-37.8136276,144.9630576,314.173892804409,19557
Golden Plains (S),LGA22490,-37.88206522,143.84251106,-37.8136276,144.9630576,98.6820405907796,21688
Greater Bendigo (C),LGA22620,-36.73444118,144.42264588,-37.8136276,144.9630576,129.175534389843,110477
Greater Dandenong (C),LGA22670,-38.00558933,145.19000911,-37.8136276,144.9630576,29.1898537702983,152050
Greater Geelong (C),LGA22750,-38.06895866,144.41716238,-37.8136276,144.9630576,55.657042957563,233429
Greater Shepparton (C),LGA22830,-36.39699454,145.38619913,-37.8136276,144.9630576,161.929648385993,63837
Hepburn (S),LGA22910,-37.31693705,144.0575605,-37.8136276,144.9630576,97.0556882816733,15330
Hindmarsh (S),LGA22980,-36.05151799,141.75255415,-37.8136276,144.9630576,346.115961699701,5721
Hobsons Bay (C),LGA23110,-37.85472062,144.82975767,-37.8136276,144.9630576,12.5666360744799,88778
Horsham (RC),LGA23190,-36.82574524,142.0904501,-37.8136276,144.9630576,276.739710954457,19642
Hume (C),LGA23270,-37.58918224,144.82453427,-37.8136276,144.9630576,27.7738170528466,197376
Indigo (S),LGA23350,-36.22554892,146.72309385,-37.8136276,144.9630576,235.784794440561,15952
Kingston (C) (Vic.),LGA23430,-37.98858353,145.10507228,-37.8136276,144.9630576,23.1025905851588,151389
Knox (C),LGA23670,-37.88898225,145.25866968,-37.8136276,144.9630576,27.2737758825108,154110
Latrobe (C) (Vic.),LGA23810,-38.27456455,146.43813509,-37.8136276,144.9630576,138.967363799669,73257
Loddon (S),LGA23940,-36.36390536,143.86714229,-37.8136276,144.9630576,188.239105544767,7516
Macedon Ranges (S),LGA24130,-37.33566772,144.6166136,-37.8136276,144.9630576,61.2922282122199,46100
Manningham (C),LGA24210,-37.76159035,145.18856082,-37.8136276,144.9630576,20.6438130454261,116255
Mansfield (S),LGA24250,-37.20042706,146.20683574,-37.8136276,144.9630576,129.171860591428,8584
Maribyrnong (C),LGA24330,-37.79526741,144.87777229,-37.8136276,144.9630576,7.76597239673895,82288
Maroondah (C),LGA24410,-37.80487232,145.26526145,-37.8136276,144.9630576,26.5665085046531,110376
Melbourne (C),LGA24600,-37.81049808,144.94390487,-37.8136276,144.9630576,1.71811710427813,135959
Melton (C),LGA24650,-37.69300563,144.62598181,-37.8136276,144.9630576,32.5285140635526,135443
Mildura (RC),LGA24780,-34.86921286,141.68286211,-37.8136276,144.9630576,439.833015278053,53878
Mitchell (S),LGA24850,-37.13753045,145.00160516,-37.8136276,144.9630576,75.2554897400426,40918
Moira (S),LGA24900,-36.06189191,145.55035824,-37.8136276,144.9630576,201.655264038051,29112
Monash (C),LGA24970,-37.89714147,145.14403346,-37.8136276,144.9630576,18.403545211805,182618
Moonee Valley (C),LGA25060,-37.74949992,144.89576167,-37.8136276,144.9630576,9.26412375803588,116671
Moorabool (S),LGA25150,-37.63277513,144.21565037,-37.8136276,144.9630576,68.7432895535875,31818
Moreland (C),LGA25250,-37.72991856,144.948888,-37.8136276,144.9630576,9.39097183566922,162558
Mornington Peninsula (S),LGA25340,-38.34168734,145.03533172,-37.8136276,144.9630576,59.0573592253552,154999
Mount Alexander (S),LGA25430,-37.05079024,144.1929367,-37.8136276,144.9630576,108.714025055643,18761
Moyne (S),LGA25490,-38.12245428,142.49003567,-37.8136276,144.9630576,219.483415758975,16495
Murrindindi (S),LGA25620,-37.31098104,145.63010535,-37.8136276,144.9630576,81.1218154056554,13732
Nillumbik (S),LGA25710,-37.62291463,145.23680435,-37.8136276,144.9630576,32.08537141297,61273
Northern Grampians (S),LGA25810,-36.844629,142.91964299,-37.8136276,144.9630576,210.35623252316,11439
Port Phillip (C),LGA25900,-37.85181579,144.96579724,-37.8136276,144.9630576,4.25314388246492,100863
Pyrenees (S),LGA25990,-37.31645794,143.37504108,-37.8136276,144.9630576,150.48700181366,7238
Queenscliffe (B),LGA26080,-38.2642803,144.6477154,-37.8136276,144.9630576,57.2162544857975,2853
South Gippsland (S),LGA26170,-38.6213771,146.07599188,-37.8136276,144.9630576,132.363237976054,28703
Southern Grampians (S),LGA26260,-37.53653334,142.03309397,-37.8136276,144.9630576,259.688093968261,15944
Stonnington (C),LGA26350,-37.85795483,145.03365691,-37.8136276,144.9630576,7.92047141884764,103832
Strathbogie (S),LGA26430,-36.76033144,145.43491751,-37.8136276,144.9630576,124.337586770758,10274
Surf Coast (S),LGA26490,-38.31230179,144.05312205,-37.8136276,144.9630576,97.0601435247996,29397
Swan Hill (RC),LGA26610,-35.12020531,143.1254554,-37.8136276,144.9630576,341.592716575461,20584
Towong (S),LGA26670,-36.35445047,147.59885786,-37.8136276,144.9630576,284.573759388237,5985
Wangaratta (RC),LGA26700,-36.58826892,146.42838546,-37.8136276,144.9630576,188.166133712222,28310
Warrnambool (C),LGA26730,-38.37144385,142.51181388,-37.8136276,144.9630576,223.292672463031,33655
Wellington (S),LGA26810,-37.89435055,146.91934771,-37.8136276,144.9630576,171.987550416492,42983
West Wimmera (S),LGA26890,-36.67556543,141.27936333,-37.8136276,144.9630576,349.734499631752,3903
Whitehorse (C),LGA26980,-37.83024851,145.15505992,-37.8136276,144.9630576,16.9655114794034,162078
Whittlesea (C),LGA27070,-37.54721249,145.07769266,-37.8136276,144.9630576,31.2946379828813,197491
Wodonga (C),LGA27170,-36.15055606,146.8826174,-37.8136276,144.9630576,251.520984926931,39351
Wyndham (C),LGA27260,-37.886647,144.61825238,-37.8136276,144.9630576,31.3442896315426,217122
Yarra (C),LGA27350,-37.80228082,144.99854855,-37.8136276,144.9630576,3.3635493271758,86657
Yarra Ranges (S),LGA27450,-37.71427637,145.69703661,-37.8136276,144.9630576,65.4585268098054,149537
Yarriambiack (S),LGA27630,-35.99006415,142.41900923,-37.8136276,144.9630576,303.766336653138,6674
Unincorporated Vic,LGA29399,-37.89911012,145.89278994,-37.8136276,144.9630576,82.1762689577134,876
Aurukun (S),LGA30250,-13.60937695,141.82844659,-27.4697707,153.0251235,1929.91728337065,1269
Balonne (S),LGA30300,-28.31589448,148.1161709,-27.4697707,153.0251235,491.484921282389,4377
Banana (S),LGA30370,-24.93516691,149.93870351,-27.4697707,153.0251235,417.395630424791,14319
Barcaldine (R),LGA30410,-23.11368703,145.6934209,-27.4697707,153.0251235,881.683060166551,2865
Barcoo (S),LGA30450,-25.13106967,142.26746187,-27.4697707,153.0251235,1103.0250568223,267
Blackall-Tambo (R),LGA30760,-24.78563034,145.79125585,-27.4697707,153.0251235,781.228235322257,1903
Boulia (S),LGA30900,-22.48046453,139.24645429,-27.4697707,153.0251235,1494.327957439,426
Brisbane (C),LGA31000,-27.43784099,153.03900329,-27.4697707,153.0251235,3.8054133003913,1131155
Bulloo (S),LGA31750,-28.02130615,142.59483607,-27.4697707,153.0251235,1027.96214632874,353
Bundaberg (R),LGA31820,-24.96787263,152.03590118,-27.4697707,153.0251235,295.176596309393,92897
Burdekin (S),LGA31900,-19.82358277,147.24310541,-27.4697707,153.0251235,1033.8618967778,17074
Burke (S),LGA31950,-18.03133151,138.94768408,-27.4697707,153.0251235,1782.27828875534,328
Cairns (R),LGA32080,-17.16016024,145.81900114,-27.4697707,153.0251235,1364.30558041736,156901
Carpentaria (S),LGA32250,-17.44439712,141.36474592,-27.4697707,153.0251235,1634.698566071,1958
Cassowary Coast (R),LGA32260,-17.95955139,145.92597237,-27.4697707,153.0251235,1283.17681871737,28726
Central Highlands (R) (Qld),LGA32270,-24.03145696,148.415812,-27.4697707,153.0251235,599.28861160112,27999
Charters Towers (R),LGA32310,-20.14886267,145.78820293,-27.4697707,153.0251235,1097.00124730191,11876
Cherbourg (S),LGA32330,-26.28880855,151.93599303,-27.4697707,153.0251235,170.035363793003,1269
Cloncurry (S),LGA32450,-20.81770446,140.2647626,-27.4697707,153.0251235,1489.74950201284,3032
Cook (S),LGA32500,-14.23598838,143.25974703,-27.4697707,153.0251235,1785.54740531222,4226
Croydon (S),LGA32600,-18.55409959,142.21680115,-27.4697707,153.0251235,1483.95560042451,294
Diamantina (S),LGA32750,-24.63027467,139.73181967,-27.4697707,153.0251235,1364.2142092976,291
Doomadgee (S),LGA32770,-17.5965287,138.78095322,-27.4697707,153.0251235,1826.43552117614,1405
Douglas (S),LGA32810,-16.22204082,145.28669679,-27.4697707,153.0251235,1482.88309812004,11714
Etheridge (S),LGA33100,-18.50462098,143.66040512,-27.4697707,153.0251235,1381.85314958779,799
Flinders (S) (Qld),LGA33200,-20.97388024,144.3217274,-27.4697707,153.0251235,1139.76956806399,1536
Fraser Coast (R),LGA33220,-25.52798321,152.67675529,-27.4697707,153.0251235,218.681799208862,101504
Gladstone (R),LGA33360,-24.1763232,151.30703083,-27.4697707,153.0251235,404.563095118522,61640
Gold Coast (C),LGA33430,-27.98055785,153.31847702,-27.4697707,153.0251235,63.7150761970443,555721
Goondiwindi (R),LGA33610,-28.37358977,150.33989274,-27.4697707,153.0251235,282.309528176432,10630
Gympie (R),LGA33620,-26.14703772,152.46363462,-27.4697707,153.0251235,157.282603995296,49559
Hinchinbrook (S),LGA33800,-18.66189497,146.04760884,-27.4697707,153.0251235,1211.24872187915,10885
Hope Vale (S),LGA33830,-15.16724626,145.19200523,-27.4697707,153.0251235,1589.31167299301,918
Ipswich (C),LGA33960,-27.66448157,152.66628119,-27.4697707,153.0251235,41.4715915098651,193733
Isaac (R),LGA33980,-22.23810156,147.89185171,-27.4697707,153.0251235,778.670026113635,20940
Kowanyama (S),LGA34420,-15.31952785,141.81056355,-27.4697707,153.0251235,1779.16782381847,944
Livingstone (S),LGA34530,-22.79598425,150.19347439,-27.4697707,153.0251235,592.678799758237,36272
Lockhart River (S),LGA34570,-13.00548318,143.24024712,-27.4697707,153.0251235,1902.85167427912,712
Lockyer Valley (R),LGA34580,-27.64272986,152.24055216,-27.4697707,153.0251235,79.6986426894694,38609
Logan (C),LGA34590,-27.76239608,153.04020703,-27.4697707,153.0251235,32.5723780215724,303386
Longreach (R),LGA34710,-23.71813391,143.95931906,-27.4697707,153.0251235,999.885561643974,3660
Mackay (R),LGA34770,-21.13909186,148.80424296,-27.4697707,153.0251235,823.517408797085,114969
McKinlay (S),LGA34800,-20.53399759,141.58696429,-27.4697707,153.0251235,1393.33964207949,796
Mapoon (S),LGA34830,-12.14176175,141.9198042,-27.4697707,153.0251235,2059.86956869046,310
Maranoa (R),LGA34860,-26.5443438,148.28738686,-27.4697707,153.0251235,480.475657619815,12666
Mareeba (S),LGA34880,-16.98496464,143.95536089,-27.4697707,153.0251235,1492.26541799763,21557
Moreton Bay (R),LGA35010,-27.11799306,152.8831201,-27.4697707,153.0251235,41.5566022971414,425302
Mornington (S),LGA35250,-16.63183326,139.40131196,-27.4697707,153.0251235,1847.61210114831,1143
Mount Isa (C),LGA35300,-19.95391499,138.78226236,-27.4697707,153.0251235,1671.67785286999,18671
Murweh (S),LGA35600,-26.18967957,146.48947618,-27.4697707,153.0251235,663.843601265031,4307
Napranum (S),LGA35670,-12.51576777,142.11243819,-27.4697707,153.0251235,2013.56188209854,957
Noosa (S),LGA35740,-26.32485421,152.94557597,-27.4697707,153.0251235,127.553049038175,52149
North Burnett (R),LGA35760,-25.35528358,151.2041668,-27.4697707,153.0251235,296.918361813601,10478
Northern Peninsula Area (R),LGA35780,-11.00491619,142.31289021,-27.4697707,153.0251235,2145.77118635701,2796
Palm Island (S),LGA35790,-18.73136093,146.6002524,-27.4697707,153.0251235,1172.42941630683,2446
Paroo (S),LGA35800,-28.0729194,145.77128206,-27.4697707,153.0251235,716.717708097311,1640
Pormpuraaw (S),LGA36070,-14.71940668,141.80739752,-27.4697707,153.0251235,1831.87638565002,749
Quilpie (S),LGA36150,-26.34882992,143.89343841,-27.4697707,153.0251235,913.772566920909,813
Redland (C),LGA36250,-27.56859849,153.36084295,-27.4697707,153.0251235,34.882769918699,147010
Richmond (S),LGA36300,-20.54065546,142.9010569,-27.4697707,153.0251235,1284.01262073669,791
Rockhampton (R),LGA36370,-23.44114359,150.21842066,-27.4697707,153.0251235,529.169415452408,79726
Scenic Rim (R),LGA36510,-28.06178715,152.79622117,-27.4697707,153.0251235,69.5753177978218,40072
Somerset (R),LGA36580,-27.0089366,152.42521332,-27.4697707,153.0251235,78.3794539180345,24597
South Burnett (R),LGA36630,-26.40522084,151.64692558,-27.4697707,153.0251235,180.765899180144,32186
Southern Downs (R),LGA36660,-28.40552515,151.88581245,-27.4697707,153.0251235,152.815050073849,35110
Sunshine Coast (R),LGA36720,-26.69618141,152.89835191,-27.4697707,153.0251235,86.9299628393076,294367
Tablelands (R),LGA36820,-17.93064047,145.33097941,-27.4697707,153.0251235,1321.25323580718,24827
Toowoomba (R),LGA36910,-27.58199231,151.53389294,-27.4697707,153.0251235,147.574704459075,160779
Torres (S),LGA36950,-10.73116317,142.41227812,-27.4697707,153.0251235,2166.863789798,3610
Torres Strait Island (R),LGA36960,-9.85911737,142.36557136,-27.4697707,153.0251235,2254.30203724271,4514
Townsville (C),LGA37010,-19.3908331,146.71166987,-27.4697707,153.0251235,1104.88952197967,186757
Weipa (T),LGA37300,-12.64044586,141.87890378,-27.4697707,153.0251235,2015.77993636595,3905
Western Downs (R),LGA37310,-26.84156657,150.34731875,-27.4697707,153.0251235,273.983212193339,33444
Whitsunday (R),LGA37340,-20.70094104,147.72469645,-27.4697707,153.0251235,924.900203072656,33778
Winton (S),LGA37400,-22.53914476,142.42449784,-27.4697707,153.0251235,1200.0075383637,1134
Woorabinda (S),LGA37550,-23.94395141,149.52554549,-27.4697707,153.0251235,525.89696098636,962
Wujal Wujal (S),LGA37570,-15.96830325,145.31319224,-27.4697707,153.0251235,1505.64538100906,282
Yarrabah (S),LGA37600,-16.99453947,145.89715952,-27.4697707,153.0251235,1375.73996855108,2559
Adelaide (C),LGA40070,-34.92198297,138.5989126,-34.9284989,138.6007456,0.743560571975028,22063
Adelaide Hills (DC),LGA40120,-34.89282375,138.83622923,-34.9284989,138.6007456,21.8358958726641,38863
Alexandrina (DC),LGA40220,-35.35191397,138.878352,-34.9284989,138.6007456,53.4214889655002,25873
Anangu Pitjantjatjara (AC),LGA40250,-27.07764262,131.20558105,-34.9284989,138.6007456,1121.18996870132,2276
Barossa (DC),LGA40310,-34.62106436,139.00168242,-34.9284989,138.6007456,50.0961496503918,23558
Barunga West (DC),LGA40430,-33.79896708,137.95633664,-34.9284989,138.6007456,138.82811302738,2544
Berri and Barmera (DC),LGA40520,-34.26585441,140.48890571,-34.9284989,138.6007456,187.873525828192,10545
Burnside (C),LGA40700,-34.93997636,138.65986719,-34.9284989,138.6007456,5.53849386351681,43911
Campbelltown (C) (SA),LGA40910,-34.88372581,138.68223365,-34.9284989,138.6007456,8.94449480495299,50164
Ceduna (DC),LGA41010,-32.1021117,133.8724203,-34.9284989,138.6007456,539.258784107763,3408
Charles Sturt (C),LGA41060,-34.8903651,138.52361108,-34.9284989,138.6007456,8.21289538668906,111759
Clare and Gilbert Valleys (DC),LGA41140,-34.00397013,138.73596946,-34.9284989,138.6007456,103.547618823126,9023
Cleve (DC),LGA41190,-33.65030968,136.28475039,-34.9284989,138.6007456,255.860839665183,1771
Coober Pedy (DC),LGA41330,-29.01585855,134.75235293,-34.9284989,138.6007456,750.836341380677,1762
Copper Coast (DC),LGA41560,-33.98339271,137.72895837,-34.9284989,138.6007456,132.033301587781,14139
Elliston (DC),LGA41750,-33.56155315,135.34460736,-34.9284989,138.6007456,335.655456635239,1045
Flinders Ranges (DC),LGA41830,-32.07562392,138.30119071,-34.9284989,138.6007456,318.438277585008,1643
Franklin Harbour (DC),LGA41960,-33.53430316,136.96440784,-34.9284989,138.6007456,216.010504090717,1298
Gawler (T),LGA42030,-34.62212681,138.729882,-34.9284989,138.6007456,36.0510104883483,23034
Goyder (DC),LGA42110,-33.64597118,139.07407518,-34.9284989,138.6007456,149.092550963019,4136
Grant (DC),LGA42250,-37.84610371,140.7247687,-34.9284989,138.6007456,376.00281983353,8203
Holdfast Bay (C),LGA42600,-35.00114401,138.52130997,-34.9284989,138.6007456,10.8465146171585,35360
Kangaroo Island (DC),LGA42750,-35.82781952,137.23976879,-34.9284989,138.6007456,158.820582500591,4702
Karoonda East Murray (DC),LGA43080,-34.95050499,140.02009493,-34.9284989,138.6007456,129.399779403166,1090
Kimba (DC),LGA43220,-33.00269332,136.14379932,-34.9284989,138.6007456,311.74127988013,1061
Kingston (DC) (SA),LGA43360,-36.64351575,140.02550957,-34.9284989,138.6007456,229.956561381906,2349
Light (RegC),LGA43650,-34.41110559,138.84649428,-34.9284989,138.6007456,61.7652956520429,14736
Lower Eyre Peninsula (DC),LGA43710,-34.41245493,135.59708303,-34.9284989,138.6007456,280.604741579235,5510
Loxton Waikerie (DC),LGA43790,-34.50822872,140.35162495,-34.9284989,138.6007456,166.707882293299,11487
Mallala (DC),LGA43920,-34.48062208,138.45467703,-34.9284989,138.6007456,51.5605658734792,8801
Maralinga Tjarutja (AC),LGA44000,-29.32921714,130.93865909,-34.9284989,138.6007456,952.414358472381,59
Marion (C),LGA44060,-35.03248303,138.53969628,-34.9284989,138.6007456,12.8307369955224,88618
Mid Murray (DC),LGA44210,-34.4502208,139.46138698,-34.9284989,138.6007456,94.9741072742764,8642
Mitcham (C),LGA44340,-35.00387567,138.62175005,-34.9284989,138.6007456,8.5972756428614,64805
Mount Barker (DC),LGA44550,-35.08580933,138.87500436,-34.9284989,138.6007456,30.4945030432936,33397
Mount Gambier (C),LGA44620,-37.82534522,140.78168243,-34.9284989,138.6007456,376.640696978542,26276
Mount Remarkable (DC),LGA44830,-32.75828444,138.20511285,-34.9284989,138.6007456,244.066580310524,2864
Murray Bridge (RC),LGA45040,-35.15931858,139.301783,-34.9284989,138.6007456,68.7874734806632,20858
Naracoorte and Lucindale (DC),LGA45090,-36.97725532,140.54735388,-34.9284989,138.6007456,287.3850031364,8291
Northern Areas (DC),LGA45120,-33.28640906,138.51141969,-34.9284989,138.6007456,182.777143646921,4524
Norwood Payneham St Peters (C),LGA45290,-34.90757386,138.63644964,-34.9284989,138.6007456,4.00140965772023,35362
Onkaparinga (C),LGA45340,-35.17868805,138.56885259,-34.9284989,138.6007456,27.970827098315,166766
Orroroo/Carrieton (DC),LGA45400,-32.52076899,138.63935379,-34.9284989,138.6007456,267.75115127162,895
Peterborough (DC),LGA45540,-32.86412252,139.05964114,-34.9284989,138.6007456,233.422003946603,1678
Playford (C),LGA45680,-34.68888928,138.66296658,-34.9284989,138.6007456,27.2422293721233,89372
Port Adelaide Enfield (C),LGA45890,-34.84071201,138.56150766,-34.9284989,138.6007456,10.3969022478016,121230
Port Augusta (C),LGA46090,-32.59564699,137.75516645,-34.9284989,138.6007456,270.919049170678,13808
Port Lincoln (C),LGA46300,-34.72922121,135.85112844,-34.9284989,138.6007456,251.941262834723,14064
Port Pirie City and Dists (M),LGA46450,-33.37684232,138.10593234,-34.9284989,138.6007456,178.442302144479,17364
Prospect (C),LGA46510,-34.88399707,138.5979358,-34.9284989,138.6007456,4.95500689830304,20527
Renmark Paringa (DC),LGA46670,-34.18235452,140.81402109,-34.9284989,138.6007456,219.003250109217,9475
Robe (DC),LGA46860,-37.1876842,139.97944244,-34.9284989,138.6007456,280.108385568741,1378
Roxby Downs (M),LGA46970,-30.55438582,136.88117865,-34.9284989,138.6007456,512.251563289403,3884
Salisbury (C),LGA47140,-34.77265898,138.61129931,-34.9284989,138.6007456,17.3553484911598,137979
Southern Mallee (DC),LGA47290,-35.39392082,140.5743521,-34.9284989,138.6007456,186.72320222835,2027
Streaky Bay (DC),LGA47490,-32.70891704,134.56402853,-34.9284989,138.6007456,447.12544345928,2074
Tatiara (DC),LGA47630,-36.22791994,140.58444063,-34.9284989,138.6007456,230.340735844394,6620
Tea Tree Gully (C),LGA47700,-34.8051616,138.71804094,-34.9284989,138.6007456,17.395518497781,97734
The Coorong (DC),LGA47800,-35.71380809,139.7613103,-34.9284989,138.6007456,136.789956223971,5380
Tumby Bay (DC),LGA47910,-34.17933413,136.01969717,-34.9284989,138.6007456,250.610440239622,2610
Unley (C),LGA47980,-34.9547972,138.60403229,-34.9284989,138.6007456,2.9395433892181,37721
Victor Harbor (C),LGA48050,-35.51278989,138.54616147,-34.9284989,138.6007456,65.1591214016404,14665
Wakefield (DC),LGA48130,-33.99144534,138.35650495,-34.9284989,138.6007456,106.574508605911,6801
Walkerville (M),LGA48260,-34.89278583,138.61710948,-34.9284989,138.6007456,4.24219405987743,7550
Wattle Range (DC),LGA48340,-37.47040532,140.5188768,-34.9284989,138.6007456,330.906771561719,11677
West Torrens (C),LGA48410,-34.94140638,138.54386131,-34.9284989,138.6007456,5.38041335194485,57901
Whyalla (C),LGA48540,-33.03731103,137.49435712,-34.9284989,138.6007456,233.722801954604,21828
Wudinna (DC),LGA48640,-33.02866409,135.31463839,-34.9284989,138.6007456,369.339871098014,1250
Yankalilla (DC),LGA48750,-35.51859227,138.33709317,-34.9284989,138.6007456,69.8493196454395,5159
Yorke Peninsula (DC),LGA48830,-34.68371184,137.5599406,-34.9284989,138.6007456,98.8472532024176,11056
Unincorporated SA,LGA49399,-29.59022526,136.74961313,-34.9284989,138.6007456,618.544367942613,3524
Albany (C),LGA50080,-34.73895437,118.18300477,-31.9505269,115.8604572,377.700591845363,36583
Armadale (C),LGA50210,-32.16753197,116.13697809,-31.9505269,115.8604572,35.5148746794044,79602
Ashburton (S),LGA50250,-22.49367631,116.7262577,-31.9505269,115.8604572,1055.01870926898,13026
Augusta-Margaret River (S),LGA50280,-34.03087723,115.22779052,-31.9505269,115.8604572,238.729607062073,14258
Bassendean (T),LGA50350,-31.90384753,115.94522109,-31.9505269,115.8604572,9.53586644608268,15092
Bayswater (C),LGA50420,-31.9057236,115.90827663,-31.9505269,115.8604572,6.72198142422139,64677
Belmont (C),LGA50490,-31.9563827,115.94827891,-31.9505269,115.8604572,8.31121481151282,39682
Beverley (S),LGA50560,-32.17466449,116.79657927,-31.9505269,115.8604572,91.6674530450567,1745
Boddington (S),LGA50630,-32.8162963,116.39989012,-31.9505269,115.8604572,108.781716746954,1844
Boyup Brook (S),LGA50770,-33.89176767,116.52403016,-31.9505269,115.8604572,224.564602718135,1701
Bridgetown-Greenbushes (S),LGA50840,-34.00378095,116.19099008,-31.9505269,115.8604572,230.383375136232,4660
Brookton (S),LGA50910,-32.36199532,117.00308916,-31.9505269,115.8604572,116.890059432052,975
Broome (S),LGA50980,-18.67146157,122.46329048,-31.9505269,115.8604572,1617.82968805909,16222
Broomehill-Tambellup (S),LGA51080,-34.00250967,117.66131856,-31.9505269,115.8604572,283.325338553994,1144
Bruce Rock (S),LGA51120,-31.95258954,118.02862997,-31.9505269,115.8604572,204.560408540184,930
Bunbury (C),LGA51190,-33.35164656,115.66439403,-31.9505269,115.8604572,156.874902363707,31919
Busselton (C),LGA51260,-33.71844401,115.34885982,-31.9505269,115.8604572,202.310034170504,36686
Cambridge (T),LGA51310,-31.93629954,115.78643222,-31.9505269,115.8604572,7.1616774822807,26783
Canning (C),LGA51330,-32.03689462,115.91635099,-31.9505269,115.8604572,10.9551041205482,90184
Capel (S),LGA51400,-33.53235059,115.63571982,-31.9505269,115.8604572,177.142062868026,17123
Carnamah (S),LGA51470,-29.77322287,115.57783241,-31.9505269,115.8604572,243.603094876241,548
Carnarvon (S),LGA51540,-24.34995848,114.39102915,-31.9505269,115.8604572,857.302479228103,5528
Chapman Valley (S),LGA51610,-28.32237686,115.05912618,-31.9505269,115.8604572,410.720709627283,1422
Chittering (S),LGA51680,-31.37439472,116.07833617,-31.9505269,115.8604572,67.2999356176981,5472
Claremont (T),LGA51750,-31.9801491,115.77997605,-31.9505269,115.8604572,8.27585758790128,10054
Cockburn (C),LGA51820,-32.11430928,115.7929531,-31.9505269,115.8604572,19.2914489200569,104473
Collie (S),LGA51890,-33.28355478,116.21156609,-31.9505269,115.8604572,151.829511763597,8798
Coolgardie (S),LGA51960,-31.18678543,120.96446296,-31.9505269,115.8604572,490.901435470635,3610
Coorow (S),LGA52030,-30.02161616,115.75921417,-31.9505269,115.8604572,214.702071423972,1036
Corrigin (S),LGA52100,-32.35836673,117.79902921,-31.9505269,115.8604572,188.04315762098,1146
Cottesloe (T),LGA52170,-31.99400323,115.75849608,-31.9505269,115.8604572,10.764344033255,7597
Cranbrook (S),LGA52240,-34.31481842,117.28587301,-31.9505269,115.8604572,294.492374899266,1089
Cuballing (S),LGA52310,-32.73540941,117.15917413,-31.9505269,115.8604572,150.006415791855,863
Cue (S),LGA52380,-27.31082065,117.94004081,-31.9505269,115.8604572,553.643760136206,194
Cunderdin (S),LGA52450,-31.59958143,117.15571981,-31.9505269,115.8604572,128.507394065893,1457
Dalwallinu (S),LGA52520,-30.12524679,116.94475432,-31.9505269,115.8604572,227.736078229149,1429
Dandaragan (S),LGA52590,-30.53961369,115.50606999,-31.9505269,115.8604572,160.462660912014,3213
Dardanup (S),LGA52660,-33.41542499,115.85191471,-31.9505269,115.8604572,162.891197420008,14033
Denmark (S),LGA52730,-34.89048459,117.11882821,-31.9505269,115.8604572,347.133220871085,5845
Derby-West Kimberley (S),LGA52800,-17.79071016,124.97705558,-31.9505269,115.8604572,1821.39819072242,7730
Donnybrook-Balingup (S),LGA52870,-33.66955307,115.97353805,-31.9505269,115.8604572,191.438860631578,5870
Dowerin (S),LGA52940,-31.10765635,117.11126817,-31.9505269,115.8604572,151.121689360062,690
Dumbleyung (S),LGA53010,-33.22450145,117.96452743,-31.9505269,115.8604572,242.739632629398,671
Dundas (S),LGA53080,-32.01133557,124.41787802,-31.9505269,115.8604572,806.938455489617,772
East Fremantle (T),LGA53150,-32.03794023,115.76816743,-31.9505269,115.8604572,13.0470320300282,7376
East Pilbara (S),LGA53220,-21.76848399,123.59665936,-31.9505269,115.8604572,1366.69852880706,10591
Esperance (S),LGA53290,-33.22197255,122.25028145,-31.9505269,115.8604572,615.020633398169,14236
Exmouth (S),LGA53360,-22.52170213,114.16701185,-31.9505269,115.8604572,1061.66764443113,2728
Fremantle (C),LGA53430,-32.05764722,115.76656024,-31.9505269,115.8604572,14.8415001078931,28893
Gingin (S),LGA53570,-31.19158,115.69917407,-31.9505269,115.8604572,85.7630708215416,5217
Gnowangerup (S),LGA53640,-34.06213521,118.28874204,-31.9505269,115.8604572,326.172936305113,1215
Goomalling (S),LGA53710,-31.24284099,116.78474777,-31.9505269,115.8604572,117.70889156798,1033
Gosnells (C),LGA53780,-32.06623178,115.99213678,-31.9505269,115.8604572,17.8798039318086,118073
Greater Geraldton (C),LGA53800,-28.56154787,115.49714849,-31.9505269,115.8604572,378.448523432333,38634
Halls Creek (S),LGA53920,-19.25821692,127.61695306,-31.9505269,115.8604572,1836.04559859401,3269
Harvey (S),LGA53990,-33.10110481,115.91249556,-31.9505269,115.8604572,128.031409585658,26553
Irwin (S),LGA54060,-29.32604198,115.09181131,-31.9505269,115.8604572,300.948994055272,3569
Jerramungup (S),LGA54130,-34.07044001,119.10126543,-31.9505269,115.8604572,383.213682092559,1109
Joondalup (C),LGA54170,-31.78349268,115.76670322,-31.9505269,115.8604572,20.5756411726088,154445
Kalamunda (S),LGA54200,-32.01224507,116.12276345,-31.9505269,115.8604572,25.6743375638297,57449
Kalgoorlie/Boulder (C),LGA54280,-30.74941314,125.05122666,-31.9505269,115.8604572,882.640994497185,30059
Karratha (C),LGA54310,-21.04922609,117.03589503,-31.9505269,115.8604572,1217.77023421508,21473
Katanning (S),LGA54340,-33.64830044,117.68421631,-31.9505269,115.8604572,254.344460247102,4151
Kellerberrin (S),LGA54410,-31.58234584,117.81452583,-31.9505269,115.8604572,189.212854262482,1224
Kent (S),LGA54480,-33.55082935,118.57223552,-31.9505269,115.8604572,309.782976809375,559
Kojonup (S),LGA54550,-33.90763659,117.04801184,-31.9505269,115.8604572,244.213880192328,1985
Kondinin (S),LGA54620,-32.42731714,119.18479918,-31.9505269,115.8604572,317.279754735099,873
Koorda (S),LGA54690,-30.59049156,117.42546142,-31.9505269,115.8604572,212.111329223618,414
Kulin (S),LGA54760,-32.71752012,118.57610617,-31.9505269,115.8604572,269.010969406237,765
Kwinana (C),LGA54830,-32.2276902,115.82866204,-31.9505269,115.8604572,30.9643682749696,38918
Lake Grace (S),LGA54900,-33.05989716,119.28752844,-31.9505269,115.8604572,344.213079752491,1268
Laverton (S),LGA54970,-27.89112094,125.40147768,-31.9505269,115.8604572,1023.74529247145,1153
Leonora (S),LGA55040,-28.21232792,121.14536605,-31.9505269,115.8604572,656.603972647847,1411
Mandurah (C),LGA55110,-32.63379595,115.68292402,-31.9505269,115.8604572,77.7870710108729,80813
Manjimup (S),LGA55180,-34.55714017,116.32567815,-31.9505269,115.8604572,293.051384997497,9250
Meekatharra (S),LGA55250,-25.14011036,118.86401274,-31.9505269,115.8604572,812.006992857975,1067
Melville (C),LGA55320,-32.04744661,115.82938816,-31.9505269,115.8604572,11.1681254891321,98083
Menzies (S),LGA55390,-29.57510539,123.97091544,-31.9505269,115.8604572,818.454320720017,490
Merredin (S),LGA55460,-31.51532775,118.3593488,-31.9505269,115.8604572,241.223295749589,3350
Mingenew (S),LGA55530,-29.15819915,115.48424935,-31.9505269,115.8604572,312.574624112037,455
Moora (S),LGA55600,-30.49805819,116.18544378,-31.9505269,115.8604572,164.436614328748,2428
Morawa (S),LGA55670,-29.06691948,116.01708729,-31.9505269,115.8604572,320.99327333642,750
Mosman Park (T),LGA55740,-32.01480439,115.76554573,-31.9505269,115.8604572,11.4550211554463,8757
Mount Magnet (S),LGA55810,-28.2380656,117.97640839,-31.9505269,115.8604572,460.237777741613,482
Mount Marshall (S),LGA55880,-30.18376616,117.96217771,-31.9505269,115.8604572,280.461137136772,527
Mukinbudin (S),LGA55950,-30.62995354,118.31113579,-31.9505269,115.8604572,275.285157881235,555
Mundaring (S),LGA56090,-31.89993671,116.25163922,-31.9505269,115.8604572,37.3440836879268,38157
Murchison (S),LGA56160,-26.75184647,116.29975404,-31.9505269,115.8604572,579.630667738847,153
Murray (S),LGA56230,-32.62366266,115.98943158,-31.9505269,115.8604572,75.8247953039358,16698
Nannup (S),LGA56300,-34.12843586,115.66389613,-31.9505269,115.8604572,242.864362046589,1328
Narembeen (S),LGA56370,-32.04711572,118.65384822,-31.9505269,115.8604572,263.627850308432,809
Narrogin (S),LGA56460,-32.99537812,117.26224944,-31.9505269,115.8604572,175.469200562506,5162
Nedlands (C),LGA56580,-31.97240006,115.78994859,-31.9505269,115.8604572,7.08237884720478,21121
Ngaanyatjarraku (S),LGA56620,-25.09484258,126.83536317,-31.9505269,115.8604572,1314.31586220606,1606
Northam (S),LGA56730,-31.68594733,116.63599606,-31.9505269,115.8604572,78.96193223424,11112
Northampton (S),LGA56790,-27.75307949,114.6459137,-31.9505269,115.8604572,481.195370911035,3319
Nungarin (S),LGA56860,-31.14939384,118.20808814,-31.9505269,115.8604572,239.623869314467,257
Peppermint Grove (S),LGA56930,-31.99933321,115.76714273,-31.9505269,115.8604572,10.3404416880803,1636
Perenjori (S),LGA57000,-29.4439406,116.61141617,-31.9505269,115.8604572,287.816778664167,617
Perth (C),LGA57080,-31.95763435,115.85066256,-31.9505269,115.8604572,1.21594574105985,21797
Pingelly (S),LGA57140,-32.51995909,117.22204648,-31.9505269,115.8604572,142.861580296174,1146
Plantagenet (S),LGA57210,-34.597219,117.56196899,-31.9505269,115.8604572,334.099435254833,5079
Port Hedland (T),LGA57280,-20.92912306,118.67320352,-31.9505269,115.8604572,1256.94543912929,14469
Quairading (S),LGA57350,-32.0048157,117.42343972,-31.9505269,115.8604572,147.545263886586,1019
Ravensthorpe (S),LGA57420,-33.61619563,120.13859849,-31.9505269,115.8604572,440.690494379368,1733
Rockingham (C),LGA57490,-32.34418253,115.7889968,-31.9505269,115.8604572,44.2865103425349,125114
Sandstone (S),LGA57630,-28.33591443,119.17311271,-31.9505269,115.8604572,512.774355804928,89
Serpentine-Jarrahdale (S),LGA57700,-32.3442558,116.03433103,-31.9505269,115.8604572,46.7408723416046,26833
Shark Bay (S),LGA57770,-26.5367245,114.52514195,-31.9505269,115.8604572,615.750965163828,946
South Perth (C),LGA57840,-31.99785705,115.8700148,-31.9505269,115.8604572,5.33952900049906,41989
Stirling (C),LGA57910,-31.88569324,115.81962691,-31.9505269,115.8604572,8.174533865318,210208
Subiaco (C),LGA57980,-31.95765936,115.81867024,-31.9505269,115.8604572,4.02140699035566,19359
Swan (C),LGA58050,-31.74142372,116.06742231,-31.9505269,115.8604572,30.3774712703123,133851
Tammin (S),LGA58190,-31.60667626,117.49499086,-31.9505269,115.8604572,159.163960071006,402
Three Springs (S),LGA58260,-29.52576731,115.57731571,-31.9505269,115.8604572,270.975138123288,594
Toodyay (S),LGA58330,-31.47109271,116.38065467,-31.9505269,115.8604572,72.5494180302116,4439
Trayning (S),LGA58400,-31.14401176,117.80687325,-31.9505269,115.8604572,205.086333109534,350
Upper Gascoyne (S),LGA58470,-24.72658929,116.35511114,-31.9505269,115.8604572,804.719105409963,278
Victoria Park (T),LGA58510,-31.97971369,115.90147001,-31.9505269,115.8604572,5.04988453603694,34990
Victoria Plains (S),LGA58540,-31.01433502,116.31959394,-31.9505269,115.8604572,112.837415710687,910
Vincent (C),LGA58570,-31.9312904,115.85254459,-31.9505269,115.8604572,2.26556412749801,33693
Wagin (S),LGA58610,-33.27669357,117.36992907,-31.9505269,115.8604572,204.282761328853,1852
Wandering (S),LGA58680,-32.54718278,116.58125508,-31.9505269,115.8604572,94.8493095635322,444
Wanneroo (C),LGA58760,-31.61228141,115.76325673,-31.9505269,115.8604572,38.7170965101843,188212
Waroona (S),LGA58820,-32.85795233,115.92009529,-31.9505269,115.8604572,101.056313889534,4148
West Arthur (S),LGA58890,-33.45713017,116.73936719,-31.9505269,115.8604572,186.620705083839,809
Westonia (S),LGA59030,-30.96757687,118.65624702,-31.9505269,115.8604572,286.811315381768,304
Wickepin (S),LGA59100,-32.80696476,117.67176169,-31.9505269,115.8604572,194.933942954058,718
Williams (S),LGA59170,-33.07142707,116.72808922,-31.9505269,115.8604572,148.839661885625,981
Wiluna (S),LGA59250,-25.3120282,122.24507953,-31.9505269,115.8604572,965.537769349747,742
Wongan-Ballidu (S),LGA59310,-30.71713078,116.84261422,-31.9505269,115.8604572,165.862288081536,1331
Woodanilling (S),LGA59320,-33.53366586,117.33806234,-31.9505269,115.8604572,223.795353670548,409
Wyalkatchem (S),LGA59330,-31.18668907,117.43527704,-31.9505269,115.8604572,171.676565690796,516
Wyndham-East Kimberley (S),LGA59340,-15.55897819,127.05167703,-31.9505269,115.8604572,2145.84040325649,7148
Yalgoo (S),LGA59350,-28.56517308,117.05027309,-31.9505269,115.8604572,393.38817145884,337
Yilgarn (S),LGA59360,-30.95734797,119.34198505,-31.9505269,115.8604572,348.198369869499,1202
York (S),LGA59370,-31.92637971,116.73542793,-31.9505269,115.8604572,82.6073122581286,3606
Break O'Day (M),LGA60210,-41.42530796,148.04989461,-42.8821377,147.3271949,172.597610910826,6104
Brighton (M),LGA60410,-42.71934256,147.26094761,-42.8821377,147.3271949,18.8916533381688,16512
Burnie (C),LGA60610,-41.21605783,145.80619367,-42.8821377,147.3271949,223.806973065388,18895
Central Coast (M) (Tas.),LGA60810,-41.28124768,146.04002335,-42.8821377,147.3271949,207.29056298758,21362
Central Highlands (M) (Tas.),LGA61010,-42.21234562,146.64605835,-42.8821377,147.3271949,93.0602674410915,2141
Circular Head (M),LGA61210,-41.07894879,145.01465426,-42.8821377,147.3271949,277.000454208082,7926
Clarence (C),LGA61410,-42.83702628,147.43413407,-42.8821377,147.3271949,10.0567509398193,54819
Derwent Valley (M),LGA61510,-42.81296983,146.42135512,-42.8821377,147.3271949,74.2470164074295,10021
Devonport (C),LGA61610,-41.20869693,146.31189943,-42.8821377,147.3271949,204.088385086386,24696
Dorset (M),LGA61810,-41.07212137,147.70851455,-42.8821377,147.3271949,203.717347670978,6617
Flinders (M) (Tas.),LGA62010,-40.11936708,148.09784892,-42.8821377,147.3271949,313.834138144099,906
George Town (M),LGA62210,-41.10217987,147.02601659,-42.8821377,147.3271949,199.48082660455,6764
Glamorgan/Spring Bay (M),LGA62410,-42.26918006,147.96534731,-42.8821377,147.3271949,85.8824183924069,4400
Glenorchy (C),LGA62610,-42.83933315,147.21976047,-42.8821377,147.3271949,9.96660016014853,46253
Hobart (C),LGA62810,-42.89783875,147.2876066,-42.8821377,147.3271949,3.66741616234481,50439
Huon Valley (M),LGA63010,-43.25142971,146.59715482,-42.8821377,147.3271949,72.1328088838336,16199
Kentish (M),LGA63210,-41.45396931,146.18351449,-42.8821377,147.3271949,184.666390153198,6128
King Island (M),LGA63410,-39.86381398,143.9854801,-42.8821377,147.3271949,436.264268191517,1585
Kingborough (M),LGA63610,-43.18919884,147.26233473,-42.8821377,147.3271949,34.5481866862707,35853
Latrobe (M) (Tas.),LGA63810,-41.24398316,146.56002152,-42.8821377,147.3271949,192.847577097147,10699
Launceston (C),LGA64010,-41.36063424,147.30581473,-42.8821377,147.3271949,169.192652987354,65274
Meander Valley (M),LGA64210,-41.62665438,146.48478161,-42.8821377,147.3271949,155.869983005329,19282
Northern Midlands (M),LGA64610,-41.84018693,147.46016822,-42.8821377,147.3271949,116.373586540631,12822
Sorell (M),LGA64810,-42.77865706,147.69612893,-42.8821377,147.3271949,32.2107374632266,14414
Southern Midlands (M),LGA65010,-42.43456223,147.40055076,-42.8821377,147.3271949,50.1283165459653,6043
Tasman (M),LGA65210,-43.05466511,147.83464487,-42.8821377,147.3271949,45.5275876422213,2372
Waratah/Wynyard (M),LGA65410,-41.38324155,145.49538074,-42.8821377,147.3271949,224.923767280967,13578
West Coast (M),LGA65610,-42.29818814,145.63731901,-42.8821377,147.3271949,152.815400768058,4149
West Tamar (M),LGA65810,-41.28164197,146.86439621,-42.8821377,147.3271949,182.018343365965,22718
Alice Springs (T),LGA70200,-23.73507313,133.85476863,-12.4608884,130.8419223,1293.27572469077,24753
Barkly (R),LGA70420,-19.44409604,135.08474621,-12.4608884,130.8419223,899.10376351389,6655
Belyuen (S),LGA70540,-12.53818463,130.68318053,-12.4608884,130.8419223,19.2573643385369,164
Central Desert (R),LGA70620,-21.48983659,132.41529992,-12.4608884,130.8419223,1017.78529560531,3677
Coomalie (S),LGA70700,-13.12575218,131.08285407,-12.4608884,130.8419223,78.4097669362781,1319
Darwin (C),LGA71000,-12.39842546,130.88700196,-12.4608884,130.8419223,8.49724718052122,78804
East Arnhem (R),LGA71300,-12.93324373,135.74553078,-12.4608884,130.8419223,534.499907749645,9026
Katherine (T),LGA72200,-14.69017269,132.19508198,-12.4608884,130.8419223,287.812430437261,9717
Litchfield (M),LGA72300,-12.53745077,131.12180058,-12.4608884,130.8419223,31.5536183926491,23855
MacDonnell (R),LGA72330,-24.63730163,133.16150862,-12.4608884,130.8419223,1375.74940362191,6029
Palmerston (C),LGA72800,-12.50251941,130.97917679,-12.4608884,130.8419223,15.6037630723084,33786
Roper Gulf (R),LGA73600,-15.4348397,134.65113098,-12.4608884,130.8419223,527.531705301052,6505
Tiwi Islands (R),LGA74050,-11.55984546,130.81629614,-12.4608884,130.8419223,100.230161296186,2453
Victoria Daly (R),LGA74550,-16.24958627,130.65862692,-12.4608884,130.8419223,421.746243725232,2810
Wagait (S),LGA74560,-12.44123545,130.7497047,-12.4608884,130.8419223,10.2486529643226,463
West Arnhem (R),LGA74660,-12.50805817,133.25851353,-12.4608884,130.8419223,262.410378820581,6188
West Daly (R),LGA74680,-14.22300732,130.06033937,-12.4608884,130.8419223,213.405967211079,3166
Unincorporated NT,LGA79399,-13.11245353,131.18721705,-12.4608884,130.8419223,81.5540278916698,6907
Unincorporated ACT,LGA89399,-35.48876608,149.00252307,-35.3075,149.124417,22.9853829316352,396857
